end_use_tech,grid,Major Time,Scenario,number
NET,35,1,LL,1.1823261548948354
NET,36,1,LL,0.06127137092961698
NET,39,1,LL,0.41737736840139406
