Resource;grid;Minor time;Major Time;Scenario;rate
CLAY;1;1;1;LL;19.066884195520103
CLAY;2;1;1;LL;13.34681893616675
CLAY;3;1;1;LL;31.68036143266376
