end_use_tech;grid;Major Time;Scenario;number
NET;22;1;LL;0.2588084863260861
NET;105;1;LL;2.282593193025864
NET;124;1;LL;0.3621672074863911
