Resource,grid,Minor time,Major Time,Scenario,rate
CLAY,1,1,1,LL,38.28043672387162
CLAY,3,1,1,LL,19.94689423434782
CLAY,5,1,1,LL,35.64040660738848
CLAY,6,1,1,LL,19.94689423434782
CLAY,7,1,1,LL,33.73371819341503
CLAY,22,1,1,LL,19.946894234347816
CLAY,24,1,1,LL,19.94689423434782
CLAY,26,1,1,LL,33.14704483070995
CLAY,31,1,1,LL,19.94689423434782
