end_use_tech;grid;Major Time;Scenario;number
NET;4;1;LL;0.3539174133624587
NET;6;1;LL;0.2178425441164565
NET;8;1;LL;0.4173773684013943
