Resource;grid;Minor time;Major Time;Scenario;rate
CLAY;1;1;1;LL;23.482854972629365
CLAY;2;1;1;LL;25.870941919648494
CLAY;3;1;1;LL;29.85108683250926
