Resource;grid;Minor time;Major Time;Scenario;rate
CLAY;1;1;1;LL;28.458036113705308
CLAY;2;1;1;LL;37.21435491014452
CLAY;3;1;1;LL;25.870941919648494
