end_use_tech;grid;Major Time;Scenario;number
NET;17;1;LL;0.1760959053820464
NET;18;1;LL;4.063348260558864
NET;22;1;LL;0.2588084863258098
