Resource;grid;Minor time;Major Time;Scenario;rate
OLIVINE;5;1;1;LL;39.51464405051263
OLIVINE;8;1;1;LL;22.11519173353312
OLIVINE;15;1;1;LL;30.896223747764736
OLIVINE;19;1;1;LL;26.017872627458637
OLIVINE;23;1;1;LL;22.11519173353312
OLIVINE;27;1;1;LL;37.23808019797769
