OID;Grid_id;RESOURCE;TRANSPORT_COEFF;TRANSPORT_EMISS
CID45;1;OLIVINE;0.0213523314778761;0.0203479373499999
CID45;1;BIOMASS;0.0466997913805309;0.3242813317999999
CID45;1;CLAY;0.0065564301256637;0.006455610261
