OID;Grid_id;RESOURCE;TRANSPORT_COEFF;TRANSPORT_EMISS
CID39;1;OLIVINE;0.0218939963539823;0.02073399149
CID39;1;BIOMASS;0.0413165347433628;0.3122520411
CID39;1;CLAY;0.007982522799115;0.007592000478
