OID;Grid_id;RESOURCE;TRANSPORT_COEFF;TRANSPORT_EMISS
CID53;1;OLIVINE;0.0097260864853309;0.0561035567143725
CID71;2;OLIVINE;0.008258984319916;0.0484922950930218
CID53;1;BIOMASS;0.017324791221295;0.1650275871006538
CID71;2;BIOMASS;0.0117265805309734;0.02620392369
CID53;1;CLAY;0.0062686890264844;0.029697648111751
CID71;2;CLAY;0.0144391868610694;0.0436223265104004
