Resource;grid;Minor time;Major Time;Scenario;rate
EMITTED_CO2;1;1;1;LL;25.94476010402691
EMITTED_CO2;2;1;1;LL;13.741499404450366
EMITTED_CO2;3;1;1;LL;13.525101070202249
EMITTED_CO2;4;1;1;LL;14.070375648633677
EMITTED_CO2;5;1;1;LL;24.042022020808847
