Resource;grid;Minor time;Major Time;Scenario;rate
CLAY;1;1;1;LL;38.28043672387161
CLAY;2;1;1;LL;19.946894234347816
CLAY;3;1;1;LL;19.946894234347816
CLAY;4;1;1;LL;20.68023593337091
CLAY;5;1;1;LL;35.64040660738847
