OID;Grid_id;RESOURCE;TRANSPORT_COEFF;TRANSPORT_EMISS
CID35;1;OLIVINE;0.0203717137699115;0.01939588182
CID35;1;BIOMASS;0.0458736356283185;0.3224352248
CID35;1;CLAY;0.0070344813884955;0.006832577655
