end_use_tech;grid;Major Time;Scenario;number
NET;35;1;LL;2.84060694935804
NET;36;1;LL;0.2339270816234649
NET;38;1;LL;0.2947839342645265
NET;39;1;LL;8.77689597636571
