Resource;grid;Minor time;Major Time;Scenario;rate
OLIVINE;3;1;1;LL;46.38736042609855
OLIVINE;7;1;1;LL;41.25968606483187
OLIVINE;13;1;1;LL;31.55152464440688
OLIVINE;14;1;1;LL;41.25968606483186
OLIVINE;15;1;1;LL;28.68320422007956
OLIVINE;16;1;1;LL;28.68320422007956
OLIVINE;17;1;1;LL;28.68320422007956
OLIVINE;18;1;1;LL;46.38736042609854
OLIVINE;20;1;1;LL;46.38736042609854
OLIVINE;26;1;1;LL;30.227684447374077
OLIVINE;31;1;1;LL;33.09600487170141
OLIVINE;34;1;1;LL;28.68320422007956
