end_use_tech;grid;Major Time;Scenario;number
NET;35;1;LL;3.187331589405312
NET;36;1;LL;0.6187848317616562
NET;38;1;LL;1.1928230120892327
NET;39;1;LL;8.303558420191786
