Resource;grid;Minor time;Major Time;Scenario;rate
CLAY;1;1;1;LL;22.000250995099098
CLAY;3;1;1;LL;14.666833997894932
CLAY;6;1;1;LL;26.40030119272427
CLAY;7;1;1;LL;19.06688419552011
CLAY;9;1;1;LL;31.68036143266376
CLAY;11;1;1;LL;14.080160635189849
CLAY;15;1;1;LL;41.06713518015938
CLAY;16;1;1;LL;47.01187961530276
