Resource;grid;Minor time;Major Time;Scenario;rate
CLAY;1;1;1;LL;12.338449222197813
CLAY;2;1;1;LL;39.80144909374151
CLAY;3;1;1;LL;25.870941919648494
