Resource;grid;Minor time;Major Time;Scenario;rate
CLAY;1;1;1;LL;25.870941919648494
CLAY;2;1;1;LL;25.870941919648494
CLAY;3;1;1;LL;41.83928330257057
