OID;Grid_id;RESOURCE;TRANSPORT_COEFF;TRANSPORT_EMISS
CID53;1;OLIVINE;0.0097260864867256;0.05610355671
CID71;2;OLIVINE;0.0082589843203539;0.04849229509
CID53;1;BIOMASS;0.0173247912212389;0.1650275871
CID71;2;BIOMASS;0.0117265805309734;0.02620392369
CID53;1;CLAY;0.0159217041681415;0.07225212297
CID71;2;CLAY;0.0144625453628318;0.06465861139
