OID;Grid_id;RESOURCE;TRANSPORT_COEFF;TRANSPORT_EMISS
CID75;1;OLIVINE;0.010642137910582;0.0522250083792517
CID75;1;BIOMASS;0.0195160257943874;0.1760069403252207
CID75;1;CLAY;0.008830109591998;0.0481758951992517
