RESOURCE;grid_id;T;TM;S;DEMAND
CEMENT;1;1;1;LL;57.21004566
CEMENT;2;1;1;LL;57.21004566
CEMENT;3;1;1;LL;37.85958904
CEMENT;4;1;1;LL;57.21004566
CEMENT;5;1;1;LL;57.21004566
CEMENT;6;1;1;LL;79.92579909
CEMENT;7;1;1;LL;57.21004566
CEMENT;8;1;1;LL;57.21004566
