OID;Grid_id;RESOURCE;TRANSPORT_COEFF;TRANSPORT_EMISS
CID46;1;OLIVINE;0.0146883626814159;0.06497095839
CID46;1;BIOMASS;0.0242227328141592;0.1993413842
CID46;1;CLAY;0.0063259141566371;0.006075455346
