OID;Grid_id;RESOURCE;TRANSPORT_COEFF;TRANSPORT_EMISS
CID26;1;OLIVINE;0.0147236370176991;0.06504978154
CID26;1;BIOMASS;0.0242580036106194;0.1994201994
CID26;1;CLAY;0.0063611884929203;0.006154278496
