OID;Grid_id;RESOURCE;TRANSPORT_COEFF;TRANSPORT_EMISS
CID13;1;OLIVINE;0.0127336619911504;0.06916501364
CID13;1;BIOMASS;0.0225833599734513;0.2072082605
CID13;1;CLAY;0.0052961364672566;0.005226030205
