OID;Grid_id;RESOURCE;TRANSPORT_COEFF;TRANSPORT_EMISS
CID9;1;OLIVINE;0.0147052476371681;0.06500868909
CID9;1;BIOMASS;0.0242396177699115;0.1993791149
CID9;1;CLAY;0.0063427991123893;0.006113186046
