end_use_tech;grid;Major Time;Scenario;number
NET;6;1;LL;1.5129811360011846e-12
NET;18;1;LL;3.2356478324871265
NET;21;1;LL;0.8323996884520718
