Resource;grid;Minor time;Major Time;Scenario;rate
BIOMASS;2;1;1;LL;4.295839826381091
CLAY;1;1;1;LL;22.00025099509909
CLAY;2;1;1;LL;10.266783796783146
